Original_Title,Matched_ONET_Title
rn,legislators
associate software engineer,computer hardware engineers
rnor,legislators
certified medical assistant,clinical nurse specialists
business process analyst,business intelligence analysts
parttime store associate,customer service representatives
contract administrator,facilities managers
registered nurse circulator  surgical services fulltime,acute care nurses
associate software engineer,computer hardware engineers
design engineer trainee,construction managers
senioreducation coordinator,instructional coordinators
job fair virtual teachers,instructional coordinators
job fair virtual teachers,instructional coordinators
remote utlization review rn including weekend and holiday rotations,firstline supervisors of food preparation and serving workers
job fair virtual teachers,instructional coordinators
rn  labor  delivery  full time nights 5000 sign on bonus,firstline supervisors of nonretail sales workers
cna   medsurgtele  5200 ft days,firstline supervisors of nonretail sales workers
job fair virtual teachers,instructional coordinators
or aide ft,pile driver operators
cma  clinic tech ii  grandview medical group obgyn,careertechnical education teachers middle school
rn medsurgft,diagnostic medical sonographers
registered nurse  rn  operating room per diem,nurse midwives
certified medical assistant,clinical nurse specialists
accountant full time,parts salespersons
job fair virtual teachers,instructional coordinators
cc security software engineer,security management specialists
surgery patient transporter,medical equipment preparers
job fair virtual teachers,instructional coordinators
certified medical assistant gastroenterology  ft,general internal medicine physicians
or aide ft,pile driver operators
lab asst  phlebotomist,phlebotomists
job fair virtual teachers,instructional coordinators
system technician i,traffic technicians
pca  surgery  ft  600 am  230 pm,adapted physical education specialists
radiology technologist  fsed  prn,radiologic technologists and technicians
remote utlization review rn including weekend and holiday rotations,firstline supervisors of food preparation and serving workers
surgical technician,surgical assistants
nurse tech,nurse practitioners
employee health clinic nurse manager,community health workers
rn infection controlemployee health  ft,helpersextraction workers
teller,models
cmascribe affinity physician services homewood multi specialty clinic  full time days,community and social service specialists all other
accountant full time,parts salespersons
or aide ft,pile driver operators
project coordinator,survey researchers
phlebotomist tennova multispecialty clinic full time days,personal care and service workers all other
nurse asst cert cna  imcu  prn nights,firstline supervisors of protective service workers all other
registered nurse labor and deliverycouplet care ft,personal care and service workers all other
registrar,firefighters
registrar,firefighters
manager business analytics,marketing managers
nurse asst prn,clinical nurse specialists
registered nurse rn statewood freestanding emergency department,acute care nurses
registered nurse labor and deliverycouplet care ft nightshift,education and childcare administrators preschool and daycare
parttime cashier,brokerage clerks
fulltime store associate,customer service representatives
medical liaison,patient representatives
rn ed full time day shift,office and administrative support workers all other
seasonal contract registered nurse rn  cardiac observationcoronary care,advanced practice psychiatric nurses
manager business analytics,marketing managers
manager business analytics,marketing managers
registrar  vista medical center days,medical records specialists
admissions supervisor  full time  days filled,office and administrative support workers all other
buyer level i,pile driver operators
registrar ft,database architects
physician assistantnurse practitioner family medicine  danville,general internal medicine physicians
registered nurse  icu ft nights,advanced practice psychiatric nurses
pharmacist,pharmacists
cna  pcu days fulltime,office machine operators except computer
rn circulator surgery ft  days,speechlanguage pathology assistants
licensed practical nurse  medsurg,licensed practical and licensed vocational nurses
integration engineer,validation engineers
registrar  vista medical center days,medical records specialists
registered nurse rn  medsurg cardiac  nights,advanced practice psychiatric nurses
physician office supervisor portage medical group 10,firstline supervisors of firefighting and prevention workers
divisional clinical resource director,clinical research coordinators
patient service rep full time  ent and allergy,personal care and service workers all other
admin asst i  phleb,helpersextraction workers
information security specialist,security management specialists
job fair virtual teachers,instructional coordinators
rn,legislators
rn  labor  delivery  full time nights 5000 sign on bonus,firstline supervisors of nonretail sales workers
job fair virtual teachers,instructional coordinators
certified surgical tech cst,clinical nurse specialists
teller,models
rn oncology weekend ft,skincare specialists
parttime stocker,parts salespersons
cma  clinic tech ii  grandview medical group obgyn,careertechnical education teachers middle school
business process analyst,business intelligence analysts
business process analyst,business intelligence analysts
associate software engineer,computer hardware engineers
admitting clerk  patient access ft days,reservation and transportation ticket agents and travel clerks
unit clerkpatient care technician  2 south  ortho  full time  nights,firstline supervisors of office and administrative support workers
student financial services counselor,credit counselors
nurse asst cert cna medsurg unit full time night shift weekend option,personal care and service workers all other
rn,legislators
cma  clinic tech ii  grandview medical group obgyn,careertechnical education teachers middle school
insurance reimbursement specialist,insurance claims and policy processing clerks
patient sitter  per diem,patient representatives
job fair virtual teachers,instructional coordinators
job fair virtual teachers,instructional coordinators
unit clerkpatient care technician  2 south  ortho  full time  nights,firstline supervisors of office and administrative support workers
unit clerkpatient care technician  2 south  ortho  full time  nights,firstline supervisors of office and administrative support workers
nurse intern  4 south  ft  700 pm  700 am,food servers nonrestaurant
associate software engineer,computer hardware engineers
job fair virtual teachers,instructional coordinators
fulltime store associate new store,personal service managers all other
parttime cashier,brokerage clerks
job fair virtual teachers,instructional coordinators
cma  clinic tech ii  grandview medical group obgyn,careertechnical education teachers middle school
job fair virtual teachers,instructional coordinators
job fair virtual teachers,instructional coordinators
rn nicu nights 6pm to 6 am,hosts and hostesses restaurant lounge and coffee shop
certified medical assistant gastroenterology  ft,general internal medicine physicians
lpn  4 south  ft  700 pm700 am,radio cellular and tower equipment installers and repairers
housekeeping aide ft,maids and housekeeping cleaners
program manager,facilities managers
athletics student employee  multiple roles,education administrators all other
cadcam technician i,pile driver operators
route sales support driver,customer service representatives
surgical tech  ft  days,pile driver operators
remote medical billing specialist i,pile driver operators
acno laredo medical center  laredo tx,medical and clinical laboratory technologists
ultrasound tech trussville imaging  full time days,precision instrument and equipment repairers all other
mri technologist  ft,surgical technologists
seasonal cashier,cashiers
parttime store associate,customer service representatives
bi specialist,residential advisors
patient care technician pct  labor  delivery unit  ft,medical equipment repairers
1341013 admitting clerk  parttime,teaching assistants all other
rn float  medsurg tele icu er  prn,food servers nonrestaurant
director of food  beverage,food service managers
clinic office assistant  team lead urgent care,personal care and service workers all other
registered nurse icu  prn13 wk agreement  5500 hourly,firstline supervisors of nonretail sales workers
registered nurse new grad daysnights,nursing instructors and teachers postsecondary
phlebotomist ft nights,phlebotomists
registered nurse new grad daysnights,nursing instructors and teachers postsecondary
mri technologist  ft,surgical technologists
certified nurse assistant  medsurg  ft day shift,advanced practice psychiatric nurses
med asst,pediatricians general
temporaryaccountant ii,helpersextraction workers
1371001 director of education  ft,firstline supervisors of retail sales workers
nursing assistantccuprn,pile driver operators
virtual social studies teacher 10 month,mathematical science teachers postsecondary
rn,legislators
patient access rep,patient representatives
family advocate  link program  tupelo,marriage and family therapists
icu clinical coordinator,clinical research coordinators
rn  icu,telephone operators
registered nurse  operating room  full time,clinical nurse specialists
fulltime store associate,customer service representatives
fulltime store associate,customer service representatives
service writer texas first rentals,hotel motel and resort desk clerks
development coach,technical writers
medical assistant  north okaloosa physicians group general surgery ft,general internal medicine physicians
project coordinator,survey researchers
certified nurse assistant prn nights  prn days,human resources assistants except payroll and timekeeping
virtual teacher asl parttime,substitute teachers shortterm
health inforamtion management tech noncert,health informatics specialists
room attendant  fulltime,office machine operators except computer
surgical attendant,surgical assistants
techretary icu ft weekend days,food servers nonrestaurant
scheduling clerkpre certification per diem days mf,substitute teachers shortterm
remote full time prior authorization representative,firstline supervisors of nonretail sales workers
rn,legislators
physical therapy asst ft,occupational therapy assistants
pharmacy technician,pharmacy technicians
virtual social studies teacher 10 month,mathematical science teachers postsecondary
registered nurse rn ed full time night shift  sign on bonus eligible,office and administrative support workers all other
registered nurse  medicalsurgical  days temporary 60hr,personal care and service workers all other
job fair virtual teachers,instructional coordinators
parttime store associate,customer service representatives
store associate,model makers wood
mental health specialist correctional services,mental health and substance abuse social workers
job fair virtual teachers,instructional coordinators
